"EntityNumber","Language","TypeOfDenomination","Denomination"
"0200.065.765","2","001","Dienstverlenende Vereniging voor Ruimtelijke Ordening en Economische Ontwikkeling, Veneco2"
"0200.065.765","2","002","Veneco"
"0200.068.636","2","001","TUSSENGEMEENTELIJKE MAATSCHAPPIJ DER VLAANDEREN VOOR WATERVOORZIENING"
"0200.068.636","2","002","T.M.V.W."
"0200.171.970","0","001","Sanatorium-Hospitaal van Lemberge"
"0200.245.711","2","001","Intercommunaal Sanatorium Denderoord"
"0200.245.711","2","002","DENDEROORD"
"0200.305.493","2","001","Intergemeentelijk Samenwerkingsverband voor ruimtelijke ordening en socio-economische expansie"
"0200.355.676","0","001","Tussengemeentelijk Lazaret Ronse - Lazaret Intercommunal de Renaix"
"0200.362.111","1","001","Intercommunale des Eaux du Centre du Brabant wallon"
"0200.362.111","1","002","I.E.C.B.W."
"0200.362.210","1","001","Association intercommunale pour l'Aménagement et l'Expansion économique du Brabant Wallon"
"0200.362.210","1","002","I.B.W."
"0200.362.408","1","001","Intercommunale Sociale du Brabant wallon"
"0200.362.408","1","002","I.S.B.W."
"0200.420.410","0","001","Congregatie der Gasthuiszusters-Augustinessen van Diest"
"0200.420.608","2","001","Congregatie der Gasthuiszusters van Poperinge"
"0200.448.421","2","001","Liefdadige Congregatie der Gasthuiszusters"
"0200.450.005","2","001","Liefdadige Congregatie der Zwarte Zusters van Brugge, Oostende, en Menen"
"0200.762.878","2","001","Intercommunale voor Medico-Sociale Instellingen van de Rupelstreek"
"0200.762.878","2","002","IMSIR"
"0200.809.497","2","001","Regionale Intercommunale Electriciteitsmaatschappij voor Zuid-Antwerpen"
"0200.809.497","2","002","EZA"
"0200.812.368","1","001","Intercommunale Maatschappij voor Gasbedeling"
"0200.812.368","1","002","I.M.A.G.A."
"0200.881.951","2","001","Intercommunale Maatschappij voor de Ruimtelijke Ordening en de Economisch- Sociale Expansie van het Arrondissement Halle-Vilvoorde"
"0200.881.951","2","002","HAVILAND"
"0200.882.050","0","001","Intercommunale maatschappij voor de Sanering van het Dal der Molenbeek en Pontbeek"
"0200.882.050","0","002","VALLEE MOLENBEEK PONTBEEK DAL"
"0200.952.524","2","001","Intercommunale Watermaatschappij"
"0200.952.524","2","002","I.W.M."
"0201.105.843","1","001","I.D.E.A. HENNUYERE"
"0201.105.843","1","002","I.D.E.A."
"0201.107.427","1","001","Société Intercommunale d'Electricité de Mons et du Borinage"
"0201.107.427","1","002","SIMBEL"
"0201.107.526","1","001","Association Intercommunale du Bois d'Havré"
"0201.107.526","1","002","BOIS D'HAVRE"
"0201.107.922","1","001","INTERCOMMUNALE DU RESEAU SOCIAL D'INSERTION ET D'ACCUEIL"
"0201.107.922","1","002","IRSIA"
"0201.183.146","0","001","Société Intercommunale de l'Electricité de la Dendre et du Canton de Lens"
"0201.183.146","0","002","I.D.E.L."
"0201.183.245","1","001","Association Intercommunale Mixte d'Electricité d'Ath, Horrues et Soignies"
"0201.183.245","1","002","I.M.E.L.A."
"0201.258.172","1","001","Société intercommunale pour la distribution du gaz et de l'électricité dans la région de Mouscron"
"0201.258.172","1","002","SIMOGEL"
"0201.310.731","2","001","NOORDLIMBURGSE MAATSCHAPPIJ VOOR DE OPRICHTING VAN EEN INDUSTRIEPARK IN NOORD-LIMBURG"
"0201.310.731","2","002","NOLIMPARK"
"0201.310.929","2","001","Intercommunale vereniging voor hulp aan gehandicapten in Limburg"
"0201.310.929","2","002","I.G.L."
"0201.311.028","2","001","Intercommunale Maatschappij voor Ruimtelijke Ontwikkeling in Limburg"
"0201.311.028","2","002","I.M.L."
"0201.311.226","2","001","INFRAX LIMBURG o.v."
"0201.339.039","0","001","Provinciale Limburgse Intercommunale Gasmaatschappij"
"0201.339.039","0","002","Pli Gas"
"0201.400.011","1","001","SOCIETE INTERCOMMUNALE BEP - EXPANSION ECONOMIQUE"
"0201.400.110","1","001","Association Intercommunale des Eaux du Condroz"
"0201.400.110","1","002","A.I.E.C."
"0201.400.209","1","001","Société intercommunale BEP-Environnement"
"0201.400.209","1","002","FAMENNE CONDROZ H MEUSE"
"0201.456.924","0","001","Intercommunale de distribution d'Eau de Tihange et environs"
"0201.456.924","0","002","TIHANGE"
"0201.543.234","1","001","Association Intercommunale pour la Collecte et la Destruction des Immondices de la Région de Charleroi"
"0201.543.234","1","002","I.C.D.I."
"0201.543.828","1","001","Société Intercommunale Mixte d'Electricité de l'Est et du Centre du Hainaut"
"0201.543.828","1","002","INTERHAINAUT"
"0201.552.538","0","001","Oeuvres Sociales Intercommunale"
"0201.568.473","0","001","Union intercommunale pour l'Exécution des Travaux de Voutement et d'Amélioration des Ruisseaux de Lodelinsart"
"0201.645.281","1","001","Intercommunale Pure de Financement du Hainaut"
"0201.645.281","1","002","I.P.F.H."
"0201.704.471","1","001","ASSOCIATION INTERCOMMUNALE HOSPITALIERE DU SUD-HAINAUT ET DU SUD-NAMUROIS"
"0201.704.471","1","002","A.I.H.S.H.S.N."
"0201.704.471","1","003","Centre de Santé des Fagnes - Résidence Le Chalon"
"0201.710.312","1","001","Compagnie Intercommunale de Distribution d'Eau de Salles et Robechies"
"0201.710.312","1","002","Salles Robechies"
"0201.712.587","1","001","Association Intercommunale d'Electricité du Sud du Hainaut"
"0201.712.587","1","002","A.I.E.S.H."
"0201.717.438","1","001","Association Intercommunale pour le Développement Economique et l'Aménagement du Territoire du Sud-Hainaut"
"0201.717.438","1","002","INTERSUD"
"0201.741.786","1","001","Intercommunale pour la Gestion et la Réalisation d'Etudes Techniques et Economiques"
"0201.741.786","1","002","I.G.R.E.T.E.C."
"0201.760.592","0","001","Compagnie Intercommunale Distribution d'Eau du Centre"
"0201.808.401","1","001","Intercommunale de Santé HARMEGNIES - ROLLAND"
"0201.808.401","1","002","CENTRE DE SANTE HARMEGNIES"
"0201.808.696","1","001","CENTRE INTERCOMMUNAL DE SANTE ARTHUR NAZE"
"0201.847.991","0","001","ACADEMIE INTERCOMMUNALE DE MUSIQUE DE SAINT-JOSSE-TEN-NOODE - SCHAERBEEK"
"0201.978.150","0","001","Société Intercommunale des Voies d'Accès à l'Aérodrome de Bruxelles - Intercommunale Maatschappij van de Toegangswegen tot de Luchthaven van Brussel"
"0201.978.150","0","002","S.I.V.A."
"0202.082.078","0","001","Intercommunale Bruxelloise d'Electricité - Brusselse Electriciteitsintercommunale"
"0202.082.078","0","002","I.B.E."
"0202.082.177","0","001","Intercommunale Bruxelloise du Gaz - Brusselse Gasintercommunale"
"0202.082.177","0","002","I.B.G."
"0202.239.951","2","001","BELGACOM"
"0202.268.754","1","001","CREDIT SOCIAL LOGEMENT"
"0202.320.224","1","001","Intercommunale laitière du Canton de Saint-Vith"
"0202.329.033","0","001","Association Intercommunale des Eaux de La Calamine"
"0202.395.052","1","001","Compagnie Intercommunale Liégeoise des Eaux"
"0202.395.052","1","002","C.I.L.E."
"0202.414.452","0","001","Port Autonome de Liège"
"0202.470.177","1","001","Association intercommunale d'Oeuvres médico-sociales de la Région de Moresnet"
"0202.470.177","1","002","A.I.O.M.S. de MORESNET"
"0202.492.151","0","001","Association Intercommunale d'Electricité de l'Ouest du Hainaut"
"0202.492.151","0","002","INTELOUEST"
"0202.500.267","1","001","Intercommunale de Développement Economique et d'Aménagement du Territoire du Hainaut Occidental"
"0202.500.267","1","002","SIDEHO"
"0202.500.465","0","001","Association Intercommunale pour la Distribution de l'Eau Potable pour Tournai et Extensions"
"0202.500.465","0","002","I.C. EAUX TOURNAI"
"0202.508.878","1","001","Intercommunale d'Oeuvres médico-sociales des Arrondissements de Tournai - Ath - Mouscron et Cantons limitrophes"
"0202.508.878","1","002","I.M.S.T.A.M."
"0202.554.113","1","001","ASSOCIATION INTERCOMMUNALE DE SANTE DE LA BASSE-SAMBRE"
"0202.554.113","1","002","A.I.S.B.S."
"0202.554.311","1","001","ASSOCIATION INTERCOMMUNALE POUR LE TRAITEMENT DES IMMONDICES SAMBREVILLE - FLEURUS ET EXTENSIONS"
"0202.554.311","1","002","A.I.T.I."
"0202.554.608","1","001","Association Intercommunale des Eaux de la Molignée"
"0202.554.608","1","002","MOLIGNEE"
"0202.555.004","1","001","Association Intercommunale d'Etudes et d'Exploitation d'Electricité et de Gaz"
"0202.555.004","1","002","A.I.E.G."
"0202.555.103","1","001","Société Intercommunale d'Aménagement et d'Equipement Economique de l'Entre-Sambre et Meuse"
"0202.555.103","1","002","ENTRE SAMBRE ET MEUSE"
"0202.718.122","0","001","Intercommunale Mij Voor Het Verwijd. en Verniet. Van Huisvuil"
"0202.718.122","0","002","I.O.B."
"0202.819.476","1","001","Bureau d'Intervention et de Restitution belge"
"0202.819.476","1","002","B.I.R.B."
"0202.819.476","2","001","Belgisch Interventie- en Restitutiebureau"
"0202.819.476","2","002","B.I.R.B."
"0202.819.476","3","001","Belgisches Interventions- und Rückgabebüro"
"0202.824.228","0","001","Régie des Services Frigorifiques de l'Etat - Regie der Belgische Rijkskoel- en Vriesdiensten"
"0202.824.228","0","002","REFRIBEL"
"0202.962.701","1","001","VIVAQUA"
"0202.962.701","2","001","VIVAQUA"
"0202.969.629","0","001","Société Nationale des Distributions d'Eau - Nationale Maatschappij de Waterleidingen"
"0202.969.629","0","002","S.N.D.E."
"0203.071.973","1","001","BRULABO"
"0203.071.973","2","001","BRULABO"
"0203.178.079","1","001","Intercommuale Intergaz"
"0203.178.079","1","002","INTERGAZ"
"0203.201.340","0","001","Banque Nationale de Belgique - Nationale Bank van België - Belgische Nationalbank"
"0203.211.040","1","001","Holding Communal - Gemeentelijke Holding - Gemeindliche Holding"
"0203.211.040","2","001","HOLDING COMMUNAL - GEMEENTELIJKE HOLDING - GEMEINDLICHE HOLDING"
"0203.286.561","0","001","CREDIBE"
"0203.286.561","0","002","OCCH CBHK ZAHG"
"0203.286.759","1","001","Office national du Ducroire"
"0203.286.759","2","001","Nationale Delcrederedienst"
"0203.375.049","0","001","Société Intercommunale de Propreté Publique"
"0203.375.049","0","002","S.I.P.P."
"0203.375.148","0","001","Intercommunale pour le Traitement des Immondices du Sud-Ouest de l'Agglomération Bruxelloise"
"0203.375.148","0","002","Intrimso"
"0203.389.204","1","001","Société Coopérative Intercommunale de Crémation"
"0203.389.204","2","003","Intercommunale coöperative vennootschap voor Crematie"
"0203.389.204","0","002","SOC.INT.CREMATION - S.C.I.C."
"0203.430.576","1","001","SOCIÉTÉ NATIONALE DES CHEMINS DE FER BELGES"
"0203.430.576","1","002","S.N.C.B."
"0203.430.576","1","003","Avant transformation 403.430.522"
"0203.430.576","2","001","NATIONALE MAATSCHAPPIJ DER BELGISCHE SPOORWEGEN"
"0203.430.576","2","002","N.M.B.S."
"0203.430.576","2","003","Voor omvorming 403.430.522"
"0203.563.111","1","001","PROVINCIALE BRABANTSE ENERGIEMAATSCHAPPIJ - LA PROVINCIALE BANBANCONNE D'ENERGIE"
"0203.563.111","1","002","P.B.E."
"0203.563.210","2","001","Tussengemeentelijke Electriciteitsvereniging van Kampenhout en Steenokkerzeel"
"0203.563.210","2","002","T.G.E.K."
"0203.683.766","0","001","Tijdelijke Vereniging Norabel"
"0203.683.766","0","002","Tijdelijke Vereniging"
"0203.884.397","0","001","Compagnie Intercommunale des Eaux de Source d'Evegnée et Extensions"
"0203.884.397","0","002","EVEGNEE"
"0203.949.131","0","001","Intercommunale pour l'Etude et la Construction d'Egouts dans la Région Liègeoise"
"0203.963.680","1","001","ASSOCIATION INTERCOMMUNALE POUR LE DEMERGEMENT ET L'EPURATION DES COMMUNES DE LA PROVINCE DE LIEGE"
"0203.963.680","1","002","A.I.D.E."
"0203.971.303","1","001","Intercommunale d'Oeuvres Médico-Sociales d'Ourthe et Amblève"
"0203.971.303","1","002","MED.SOC. OURTHE AMBLEVE"
"0203.978.726","1","001","ECETIA FINANCES"
"0203.978.726","1","002","ST-NICOLAS ENVIRONS"
"0203.980.409","1","001","Association intercommunale de Soins et d'Hospitalisation"
"0203.980.409","1","002","A.I.S.H."
"0203.989.614","1","001","Intercommunale de Distribution d'Eau de Nandrin - Tinlot et Environs"
"0204.212.714","2","001","Interkommunale Ontwikkelingsmaatschappij voor de Kempen"
"0204.212.714","2","002","I.O.K."
"0204.245.277","1","001","TECTEO"
"0204.245.277","1","002","TECTEO"
"0204.259.135","1","001","SPI"
"0204.259.135","1","002","S.P.I+"
"0204.259.927","0","001","Intercommunale pour l'Autoroute E5 - Intercommunale vereniging voor de Autosnelweg E5"
"0204.259.927","0","002","E5"
"0204.260.125","1","001","INTERMOSANE"
"0204.260.125","1","002","INTERMOSANE"
"0204.359.994","1","001","Association Intercommunale pour la Protection et la Valorisation de l'Environnement"
"0204.359.994","1","002","A.I.V.E."
"0200.068.636","2","001","TUSSENGEMEENTELIJKE MAATSCHAPPIJ DER VLAANDEREN VOOR WATERVOORZIENING"
"0200.068.636","2","002","T.M.V.W."
"0200.171.970","0","001","Sanatorium-Hospitaal van Lemberge"
"0200.245.711","2","001","Intercommunaal Sanatorium Denderoord"
"0200.245.711","2","002","DENDEROORD"
"0200.305.493","2","001","Intergemeentelijk Samenwerkingsverband voor ruimtelijke ordening en socio-economische expansie"
"0200.355.676","0","001","Tussengemeentelijk Lazaret Ronse - Lazaret Intercommunal de Renaix"
"0200.362.111","1","001","Intercommunale des Eaux du Centre du Brabant wallon"
"0200.362.111","1","002","I.E.C.B.W."
"0200.362.210","1","001","Association intercommunale pour l'Aménagement et l'Expansion économique du Brabant Wallon"
"0200.362.210","1","002","I.B.W."
"0200.362.408","1","001","Intercommunale Sociale du Brabant wallon"
"0200.362.408","1","002","I.S.B.W."
"0200.420.410","0","001","Congregatie der Gasthuiszusters-Augustinessen van Diest"
"0200.420.608","2","001","Congregatie der Gasthuiszusters van Poperinge"
"0200.448.421","2","001","Liefdadige Congregatie der Gasthuiszusters"
"0200.450.005","2","001","Liefdadige Congregatie der Zwarte Zusters van Brugge, Oostende, en Menen"
"0200.762.878","2","001","Intercommunale voor Medico-Sociale Instellingen van de Rupelstreek"
"0200.762.878","2","002","IMSIR"
"0200.809.497","2","001","Regionale Intercommunale Electriciteitsmaatschappij voor Zuid-Antwerpen"
"0200.809.497","2","002","EZA"
"0200.812.368","1","001","Intercommunale Maatschappij voor Gasbedeling"
"0200.812.368","1","002","I.M.A.G.A."
"0200.881.951","2","001","Intercommunale Maatschappij voor de Ruimtelijke Ordening en de Economisch- Sociale Expansie van het Arrondissement Halle-Vilvoorde"
"0200.881.951","2","002","HAVILAND"
"0200.882.050","0","001","Intercommunale maatschappij voor de Sanering van het Dal der Molenbeek en Pontbeek"
"0200.882.050","0","002","VALLEE MOLENBEEK PONTBEEK DAL"
"0200.952.524","2","001","Intercommunale Watermaatschappij"
"0200.952.524","2","002","I.W.M."
"0201.105.843","1","001","I.D.E.A. HENNUYERE"
"0201.105.843","1","002","I.D.E.A."
"0201.107.427","1","001","Société Intercommunale d'Electricité de Mons et du Borinage"
"0201.107.427","1","002","SIMBEL"
"0201.107.526","1","001","Association Intercommunale du Bois d'Havré"
"0201.107.526","1","002","BOIS D'HAVRE"
"0201.107.922","1","001","INTERCOMMUNALE DU RESEAU SOCIAL D'INSERTION ET D'ACCUEIL"
"0201.107.922","1","002","IRSIA"
"0201.183.146","0","001","Société Intercommunale de l'Electricité de la Dendre et du Canton de Lens"
"0201.183.146","0","002","I.D.E.L."
"0201.183.245","1","001","Association Intercommunale Mixte d'Electricité d'Ath, Horrues et Soignies"
"0201.183.245","1","002","I.M.E.L.A."
"0201.258.172","1","001","Société intercommunale pour la distribution du gaz et de l'électricité dans la région de Mouscron"
"0201.258.172","1","002","SIMOGEL"
"0201.310.731","2","001","NOORDLIMBURGSE MAATSCHAPPIJ VOOR DE OPRICHTING VAN EEN INDUSTRIEPARK IN NOORD-LIMBURG"
"0201.310.731","2","002","NOLIMPARK"
"0201.310.929","2","001","Intercommunale vereniging voor hulp aan gehandicapten in Limburg"
"0201.310.929","2","002","I.G.L."
"0201.311.028","2","001","Intercommunale Maatschappij voor Ruimtelijke Ontwikkeling in Limburg"
"0201.311.028","2","002","I.M.L."
"0201.311.226","2","001","INFRAX LIMBURG o.v."
"0201.339.039","0","001","Provinciale Limburgse Intercommunale Gasmaatschappij"
"0201.339.039","0","002","Pli Gas"
"0201.400.011","1","001","SOCIETE INTERCOMMUNALE BEP - EXPANSION ECONOMIQUE"
"0201.400.110","1","001","Association Intercommunale des Eaux du Condroz"
"0201.400.110","1","002","A.I.E.C."
"0201.400.209","1","001","Société intercommunale BEP-Environnement"
"0201.400.209","1","002","FAMENNE CONDROZ H MEUSE"
"0201.456.924","0","001","Intercommunale de distribution d'Eau de Tihange et environs"
"0201.456.924","0","002","TIHANGE"
"0201.543.234","1","001","Association Intercommunale pour la Collecte et la Destruction des Immondices de la Région de Charleroi"
"0201.543.234","1","002","I.C.D.I."
"0201.543.828","1","001","Société Intercommunale Mixte d'Electricité de l'Est et du Centre du Hainaut"
"0201.543.828","1","002","INTERHAINAUT"
"0201.552.538","0","001","Oeuvres Sociales Intercommunale"
"0201.568.473","0","001","Union intercommunale pour l'Exécution des Travaux de Voutement et d'Amélioration des Ruisseaux de Lodelinsart"
"0201.645.281","1","001","Intercommunale Pure de Financement du Hainaut"
"0201.645.281","1","002","I.P.F.H."
"0201.704.471","1","001","ASSOCIATION INTERCOMMUNALE HOSPITALIERE DU SUD-HAINAUT ET DU SUD-NAMUROIS"
"0201.704.471","1","002","A.I.H.S.H.S.N."
"0201.704.471","1","003","Centre de Santé des Fagnes - Résidence Le Chalon"
"0201.710.312","1","001","Compagnie Intercommunale de Distribution d'Eau de Salles et Robechies"
"0201.710.312","1","002","Salles Robechies"
"0201.712.587","1","001","Association Intercommunale d'Electricité du Sud du Hainaut"
"0201.712.587","1","002","A.I.E.S.H."
"0201.717.438","1","001","Association Intercommunale pour le Développement Economique et l'Aménagement du Territoire du Sud-Hainaut"
"0201.717.438","1","002","INTERSUD"
"0201.741.786","1","001","Intercommunale pour la Gestion et la Réalisation d'Etudes Techniques et Economiques"
"0201.741.786","1","002","I.G.R.E.T.E.C."
"0201.760.592","0","001","Compagnie Intercommunale Distribution d'Eau du Centre"
"0201.808.401","1","001","Intercommunale de Santé HARMEGNIES - ROLLAND"
"0201.808.401","1","002","CENTRE DE SANTE HARMEGNIES"
"0201.808.696","1","001","CENTRE INTERCOMMUNAL DE SANTE ARTHUR NAZE"
"0201.847.991","0","001","ACADEMIE INTERCOMMUNALE DE MUSIQUE DE SAINT-JOSSE-TEN-NOODE - SCHAERBEEK"
"0201.978.150","0","001","Société Intercommunale des Voies d'Accès à l'Aérodrome de Bruxelles - Intercommunale Maatschappij van de Toegangswegen tot de Luchthaven van Brussel"
"0201.978.150","0","002","S.I.V.A."
"0202.082.078","0","001","Intercommunale Bruxelloise d'Electricité - Brusselse Electriciteitsintercommunale"
"0202.082.078","0","002","I.B.E."
"0202.082.177","0","001","Intercommunale Bruxelloise du Gaz - Brusselse Gasintercommunale"
"0202.082.177","0","002","I.B.G."
"0202.239.951","2","001","BELGACOM"
"0202.268.754","1","001","CREDIT SOCIAL LOGEMENT"
"0202.320.224","1","001","Intercommunale laitière du Canton de Saint-Vith"
"0202.329.033","0","001","Association Intercommunale des Eaux de La Calamine"
"0202.395.052","1","001","Compagnie Intercommunale Liégeoise des Eaux"
"0202.395.052","1","002","C.I.L.E."
"0202.414.452","0","001","Port Autonome de Liège"
"0202.470.177","1","001","Association intercommunale d'Oeuvres médico-sociales de la Région de Moresnet"
"0202.470.177","1","002","A.I.O.M.S. de MORESNET"
"0202.492.151","0","001","Association Intercommunale d'Electricité de l'Ouest du Hainaut"
"0202.492.151","0","002","INTELOUEST"
"0202.500.267","1","001","Intercommunale de Développement Economique et d'Aménagement du Territoire du Hainaut Occidental"
"0202.500.267","1","002","SIDEHO"
"0202.500.465","0","001","Association Intercommunale pour la Distribution de l'Eau Potable pour Tournai et Extensions"
"0202.500.465","0","002","I.C. EAUX TOURNAI"
"0202.508.878","1","001","Intercommunale d'Oeuvres médico-sociales des Arrondissements de Tournai - Ath - Mouscron et Cantons limitrophes"
"0202.508.878","1","002","I.M.S.T.A.M."
"0202.554.113","1","001","ASSOCIATION INTERCOMMUNALE DE SANTE DE LA BASSE-SAMBRE"
"0202.554.113","1","002","A.I.S.B.S."
"0202.554.311","1","001","ASSOCIATION INTERCOMMUNALE POUR LE TRAITEMENT DES IMMONDICES SAMBREVILLE - FLEURUS ET EXTENSIONS"
"0202.554.311","1","002","A.I.T.I."
"0202.554.608","1","001","Association Intercommunale des Eaux de la Molignée"
"0202.554.608","1","002","MOLIGNEE"
"0202.555.004","1","001","Association Intercommunale d'Etudes et d'Exploitation d'Electricité et de Gaz"
"0202.555.004","1","002","A.I.E.G."
"0202.555.103","1","001","Société Intercommunale d'Aménagement et d'Equipement Economique de l'Entre-Sambre et Meuse"
"0202.555.103","1","002","ENTRE SAMBRE ET MEUSE"
"0202.718.122","0","001","Intercommunale Mij Voor Het Verwijd. en Verniet. Van Huisvuil"
"0202.718.122","0","002","I.O.B."
"0202.819.476","1","001","Bureau d'Intervention et de Restitution belge"
"0202.819.476","1","002","B.I.R.B."
"0202.819.476","2","001","Belgisch Interventie- en Restitutiebureau"
"0202.819.476","2","002","B.I.R.B."
"0202.819.476","3","001","Belgisches Interventions- und Rückgabebüro"
"0202.824.228","0","001","Régie des Services Frigorifiques de l'Etat - Regie der Belgische Rijkskoel- en Vriesdiensten"
"0202.824.228","0","002","REFRIBEL"
"0202.962.701","1","001","VIVAQUA"
"0202.962.701","2","001","VIVAQUA"
"0202.969.629","0","001","Société Nationale des Distributions d'Eau - Nationale Maatschappij de Waterleidingen"
"0202.969.629","0","002","S.N.D.E."
"0203.071.973","1","001","BRULABO"
"0203.071.973","2","001","BRULABO"
"0203.178.079","1","001","Intercommuale Intergaz"
"0203.178.079","1","002","INTERGAZ"
"0203.201.340","0","001","Banque Nationale de Belgique - Nationale Bank van België - Belgische Nationalbank"
"0203.211.040","1","001","Holding Communal - Gemeentelijke Holding - Gemeindliche Holding"
"0203.211.040","2","001","HOLDING COMMUNAL - GEMEENTELIJKE HOLDING - GEMEINDLICHE HOLDING"
"0203.286.561","0","001","CREDIBE"
"0203.286.561","0","002","OCCH CBHK ZAHG"
"0203.286.759","1","001","Office national du Ducroire"
"0203.286.759","2","001","Nationale Delcrederedienst"
"0203.375.049","0","001","Société Intercommunale de Propreté Publique"
"0203.375.049","0","002","S.I.P.P."
"0203.375.148","0","001","Intercommunale pour le Traitement des Immondices du Sud-Ouest de l'Agglomération Bruxelloise"
"0203.375.148","0","002","Intrimso"
"0203.389.204","1","001","Société Coopérative Intercommunale de Crémation"
"0203.389.204","2","003","Intercommunale coöperative vennootschap voor Crematie"
"0203.389.204","0","002","SOC.INT.CREMATION - S.C.I.C."
"0203.430.576","1","001","SOCIÉTÉ NATIONALE DES CHEMINS DE FER BELGES"
"0203.430.576","1","002","S.N.C.B."
"0203.430.576","1","003","Avant transformation 403.430.522"
"0203.430.576","2","001","NATIONALE MAATSCHAPPIJ DER BELGISCHE SPOORWEGEN"
"0203.430.576","2","002","N.M.B.S."
"0203.430.576","2","003","Voor omvorming 403.430.522"
"0203.563.111","1","001","PROVINCIALE BRABANTSE ENERGIEMAATSCHAPPIJ - LA PROVINCIALE BANBANCONNE D'ENERGIE"
"0203.563.111","1","002","P.B.E."
"0203.563.210","2","001","Tussengemeentelijke Electriciteitsvereniging van Kampenhout en Steenokkerzeel"
"0203.563.210","2","002","T.G.E.K."
"0203.683.766","0","001","Tijdelijke Vereniging Norabel"
"0203.683.766","0","002","Tijdelijke Vereniging"
"0203.884.397","0","001","Compagnie Intercommunale des Eaux de Source d'Evegnée et Extensions"
"0203.884.397","0","002","EVEGNEE"
"0203.949.131","0","001","Intercommunale pour l'Etude et la Construction d'Egouts dans la Région Liègeoise"
"0203.963.680","1","001","ASSOCIATION INTERCOMMUNALE POUR LE DEMERGEMENT ET L'EPURATION DES COMMUNES DE LA PROVINCE DE LIEGE"
"0203.963.680","1","002","A.I.D.E."
"0203.971.303","1","001","Intercommunale d'Oeuvres Médico-Sociales d'Ourthe et Amblève"
"0203.971.303","1","002","MED.SOC. OURTHE AMBLEVE"
"0203.978.726","1","001","ECETIA FINANCES"
"0203.978.726","1","002","ST-NICOLAS ENVIRONS"
"0203.980.409","1","001","Association intercommunale de Soins et d'Hospitalisation"
"0203.980.409","1","002","A.I.S.H."
"0203.989.614","1","001","Intercommunale de Distribution d'Eau de Nandrin - Tinlot et Environs"
"0204.212.714","2","001","Interkommunale Ontwikkelingsmaatschappij voor de Kempen"
"0204.212.714","2","002","I.O.K."
"0204.245.277","1","001","TECTEO"
"0204.245.277","1","002","TECTEO"
"0204.259.135","1","001","SPI"
"0204.259.135","1","002","S.P.I+"
"0204.259.927","0","001","Intercommunale pour l'Autoroute E5 - Intercommunale vereniging voor de Autosnelweg E5"
"0204.259.927","0","002","E5"
"0204.260.125","1","001","INTERMOSANE"
"0204.260.125","1","002","INTERMOSANE"
"0204.359.994","1","001","Association Intercommunale pour la Protection et la Valorisation de l'Environnement"
"0204.359.994","1","002","A.I.V.E."
"2.161.267.688","2","003","VENECO"
"2.161.268.183","2","003","VENECO"
"2.158.292.758","2","003","TMVW"
"2.175.916.569","2","003","TMVW - Zone Asse"
"2.175.916.866","2","003","TMVW - Zone Brugge"
"2.175.916.965","2","003","TMVW - Zone Ronse"
"2.207.103.356","2","003","Zwembad Strop"
"2.207.103.653","2","003","Zwembad Van Eyck"
"2.207.105.039","2","003","Zwembad Neptunus"
"2.207.105.138","2","003","Zwembad Rooigem"
"2.207.105.336","2","003","Zwembad Bert Carlier"
"2.207.106.623","2","003","Sporthal Bourgoyen"
"2.207.106.821","2","003","Sporthal Driebeek"
"2.207.107.613","2","003","Sporthal Hekers"
"2.207.108.108","2","003","Sporthal Keiskant"
"2.207.108.405","2","003","Sporthal Neptunus"
"2.207.115.531","2","003","Sporthal Tolhuis"
"2.207.115.630","2","003","Sporthal Wolfput"
"2.207.115.828","2","003","Openluchtcentrum Jan Yoens"
"2.207.116.125","2","003","Zwembad Rosas"
"2.207.116.323","2","003","Sportpark Den Akker"
"2.207.116.422","2","003","Zwembad Bloemendale"
"2.207.117.511","2","003","Sporthal D'Hoogploate"
"2.207.117.808","2","003","Buiten terrein Jules Soetestadion"
"2.207.118.501","2","003","Zwembad Wielingenbad"
"2.207.118.994","2","003","Sporthal Haneveld"
"2.207.180.956","2","003","Sporthal Flabbaert"
"2.207.181.847","2","003","Sporthal Onderdaele"
"2.207.183.827","2","003","Zwembad Lebbeke"
"2.207.184.916","2","003","Zwembad Noordzeebad"
"2.207.185.114","2","003","Sporthal Sportdoze"
"2.207.187.587","2","003","Sporthal Lebbeke + BT"
"2.207.187.884","2","003","Zwembad Heuvelkouter"
"2.207.188.082","2","003","Zwembad Duinenbad"
"2.207.188.874","2","003","Zwembad Amfoor"
"2.207.192.042","2","003","Zwembad Dadizele"
"2.207.194.616","2","003","Zwembad"
"2.207.195.309","2","003","Zwembad De Valkaart"
"2.207.195.705","2","003","Sporthal De Valkaart"
"2.207.196.792","2","003","Sporthal + BT Riderfort"
"2.207.196.990","2","003","Sporthal Ternat"
"2.207.198.079","2","003","Zwembad Ternat"
"2.207.214.808","2","003","Zwembad + Sporthal Eurohal"
"2.207.215.204","2","003","Zwembad Den Boer"
"2.207.215.796","2","003","Sporthal + BT Den Boer"
"2.207.216.390","2","003","Gentse Roei- en Sportvereniging"
"2.207.216.786","2","003","Sporthal Leopoldskazerne"
"2.207.216.984","2","003","Sporthal Heiveld"
"2.207.217.380","2","003","Buitenterrein Hogeveld"
"2.207.217.578","2","003","Sporthal"
"2.208.517.774","2","003","JB Derooverstadion"
"2.208.518.170","2","003","Zwembad Gistel"
"2.208.518.764","2","003","Sporthal Gistel"
"2.208.519.160","2","003","Buitenterrein Gistel 1"
"2.208.519.457","2","003","Buitenterrein Gistel 2"
"2.208.519.853","2","003","Sporthal Eeklo"
"2.208.520.348","2","003","Zwembad Eeklo"
"2.208.521.140","2","003","Sporthal Waarschoot"
"2.208.521.239","2","003","Sporthal De Pluimen"
"2.208.533.315","2","003","Tennis Blankenberge"
"2.208.533.612","2","003","Zwembad Rozebroeken"
"2.208.533.810","2","003","Sporthal Rozebroeken"
"2.229.447.307","2","003","Buitenterrein Albertstadion"
"2.229.448.295","2","003","Sportcomplex Bergenmeers (Tennis)"
"2.229.448.691","2","003","Sportcomplex moerkensheide (Kunstgras)"
"2.229.449.087","2","003","Sporthal Drogenbrood"
"2.229.449.582","2","003","Zwembad Lichtervelde"
"2.229.719.303","2","003","Sporthal Heuvelkouter"
"2.229.719.796","2","003","Sporthal Bosveld"
"2.229.720.489","2","003","Tenniscomplex Machelen"
"2.229.720.984","2","003","Jeugdcomplex Diegem"
"2.229.721.380","2","003","Complex Diegem Park"
"2.229.721.578","2","003","Sporthal Robusta"
"2.229.721.875","2","003","Plonsbadenpark"
"2.161.837.317","2","003","SOLVA Administratie"
"2.158.766.672","1","003","Intercommunale des Eaux du Centre du Brabant wallon (I.E.C.B.W.)"
"2.166.134.615","1","003","IBW"
"2.166.130.457","1","003","Intercommunale Sociale du Brabant Wallon"
"2.168.951.672","1","003","La Farandole"
"2.168.951.870","1","003","Espace Enfance"
"2.168.951.969","1","003","Le Couffin"
"2.168.952.068","1","003","Service d'accompagnement de la personne - Service prévention suicide - Service d'accompagnement d'enfants en deuil"
"2.168.952.266","1","003","Accueil extra-scolaire de Tourinnes-la-Grosse"
"2.168.952.662","1","003","Accueil extra-scolaire d'Ophain"
"2.168.952.959","1","003","Accueil extra-scolaire ""Les Marronniers"" à Wauthier-Braine"
"2.168.953.058","1","003","Accueil extra-scolaire de Wauthier-Braine"
"2.168.953.256","1","003","Accueil extra-scolaire de Noucelles"
"2.168.955.533","1","003","accueil extra-scolaire ""Saint-Rémy"" à Braine-Le-Château"
"2.168.955.830","1","003","Accueil extra-scolaire d'Opprebais"
"2.168.956.127","1","003","Accueil extra-scolaire de Piétrebais"
"2.168.956.325","1","003","Accueil extra-scolaire de Genappe"
"2.168.956.721","1","003","Accueil extra-scolaire du Blocry à Ottignies"
"2.168.957.414","1","003","Accueil extra-scolaire de Jassans à Limelette"
"2.168.957.711","1","003","Accueil extra-scolaire de Saintes Maternelles"
"2.168.957.909","1","003","Accueil extra-scolaire de Saintes Primaires"
"2.168.958.107","1","003","Accueil extra-scolaire de Oisquercq"
"2.168.958.503","1","003","Accueil extra-scolaire Libre de Saintes"
"2.168.959.194","1","003","Accueil extra-scolaire ""Gabrielle Petit"" à Tubize"
"2.168.959.689","1","003","Accueil extra-scolaire ""Saint-Joseph"" à Tubize"
"2.168.960.283","1","003","Accueil extra-scolaire ""Baulers"" à Nivelles"
"2.168.960.580","1","003","Accueil extra-scolaire de la Maillebotte à Nivelles"
"2.168.960.778","1","003","Accueil extra-scolaire des Colibris à la Hulpe"
"2.168.960.976","1","003","Accueil extra-scolaire des Lutins à La Hulpe"
"2.168.961.471","1","003","Accueil extra-scolaire de Marbais"
"2.168.961.570","1","003","Accueil extra-scolaire de Tilly"
"2.168.961.768","1","003","Accueil extra-scolaire de Clabecq"
"2.150.858.697","2","003","Congregatie der Gasthuiszusters-Augustinessen van Diest"
"2.162.917.579","2","003","IMSIR"
"2.171.339.159","2","003","Beschermde Werkplaats IMSIR"
"2.163.001.119","2","003","Haviland CV"
"2.161.770.110","2","003","Intercommunale Watermaatschappij"
"2.161.770.308","2","003","Intercommunale Watermaatschappij"
"2.162.852.253","1","003","I.D.E.A. Région Mons-Borinage-Centre"
"2.162.853.342","1","003","I.D.E.A. Région Mons-Borinage-Centre"
"2.162.853.540","1","003","I.D.E.A. Région Mons-Borinage-Centre"
"2.162.853.639","1","003","I.D.E.A. Région Mons-Borinage-Centre"
"2.162.853.936","1","003","I.D.E.A. Mons-Borinage-Centre"
"2.162.854.629","1","003","I.D.E.A. Région Mons-Borinage-Centre"
"2.162.854.926","1","003","I.D.E.A. Région Mons-Borinage-Centre"
"2.165.787.195","1","003","I.D.E.A. Région Mons-Borinage-Centre"
"2.227.021.515","1","003","Service entretien des biens - Infrastructures"
"2.163.789.688","1","003","IRSIA ETA 7"
"2.163.789.787","1","003","IRSIA ETA 7"
"2.163.790.480","1","003","IRSIA ETA 7"
"2.163.790.579","1","003","Les Enfants d'Abord"
"2.163.791.272","1","003","La Bambinière"
"2.163.791.371","1","003","Les Diablotins"
"2.163.791.767","1","003","Les Canailloux"
"2.163.791.866","1","003","Le Chateau des Enfants"
"2.163.791.965","1","003","La Bambinade"
"2.191.518.723","1","003","LES MINI-MOMES"
"2.164.737.518","1","003","SIMOGEL"
"2.162.441.982","2","003","NOLIMPARK D.V."
"2.154.177.186","2","003","Hoofdzetel van : Intercommunale School voor Buitengewoon Secundair Onderwijs De Wissel"
"2.154.177.285","2","003","Vestigingsplaats van : Intercommunale School voor Buitengewoon Secundair Onderwijs De Wissel"
"2.163.385.555","2","003","BC Ter Heide, campus Genk"
"2.163.385.654","2","003","BC Ter Heide, campus Zonhoven"
"2.163.385.753","2","003","BC Ter Heide, campus Brikhof"
"2.163.385.852","2","003","BC Ter Heide, campus Henisberg"
"2.163.385.951","2","003","AZERTiE Gespecialiseerde opleidings-, begeleidings- en bemiddelingsdienst"
"2.158.307.210","2","003","INFRAX LIMBURG o.v."
"2.004.335.348","1","003","Association Intercommunale des Eaux du Condroz"
"2.159.828.625","1","003","BEP - Environnement"
"2.159.829.021","1","003","Parc à Conteneurs d'Andenne"
"2.159.830.902","1","003","Parc à conteneurs de Champion"
"2.159.831.296","1","003","Parc à conteneurs d'Eghezée"
"2.159.831.494","1","003","Parc à conteneurs Fernelmont"
"2.159.831.692","1","003","Parc à conteneurs Fosses-la-Ville"
"2.159.831.890","1","003","Parc à conteneurs de Gemboux"
"2.159.832.088","1","003","Parc à conteneurs de Héron"
"2.159.832.385","1","003","Parc à conteneurs de Jemeppe - sur - Sambre"
"2.159.832.682","1","003","Parc à conteneurs La Bruyère"
"2.159.832.781","1","003","Parc à conteneurs de Malonne"
"2.159.832.979","1","003","Parc à conteneurs de Naninne"
"2.159.833.276","1","003","Parc à conteneurs de Sambreville"
"2.159.833.375","1","003","Parc à conteneurs de Sombreffe"
"2.159.833.573","1","003","Parc à conteneurs d'Anhée"
"2.159.834.167","1","003","Parc à conteneurs de Ciney"
"2.159.834.365","1","003","Parc à conteneurs de Dinant"
"2.159.834.761","1","003","Parc à conteneurs d'Hamois"
"2.159.835.553","1","003","Parc à conteneurs d'Havelange"
"2.159.836.048","1","003","Parc à conteneurs d'Hastière"
"2.159.837.830","1","003","Parc à conteneurs de Rochefort"
"2.159.844.065","1","003","Parc à conteneurs de Cerfontaine"
"2.159.844.164","1","003","Parc à conteneurs de Couvin"
"2.159.844.263","1","003","Parc à conteneurs de Doische"
"2.159.844.362","1","003","Parc à conteneurs Florennes"
"2.159.844.461","1","003","Parc à conteneurs de Mettet"
"2.159.844.560","1","003","Parc à conteneurs de Philippeville"
"2.159.844.758","1","003","Parc à conteneurs de Viroinval"
"2.159.844.857","1","003","Parc à conteneurs de Walcourt"
"2.159.845.055","1","003","Parc à conteneurs de Beauraing"
"2.159.845.748","1","003","Parc à conteneurs de Malvoisin"
"2.159.847.134","1","003","Centre de compostage de Naninne"
"2.159.847.332","1","003","Dépôt collectes déchets ménagers Ciney"
"2.159.848.916","1","003","Dépôt collectes déchets ménagers Malvoisin"
"2.159.850.795","1","003","C.E.T. Gedinne - Malvoisin"
"2.159.851.884","1","003","Hall Polyvalent Tamines"
"2.159.859.408","1","003","Parc à conteneurs d'Assesse"
"2.159.859.903","1","003","Dépôt collecte déchets ménagers Philippeville"
"2.164.983.877","1","003","Parc à conteneurs de Bièvre"
"2.176.963.278","1","003","Parc à conteneurs d'Ohey"
"2.189.517.355","1","003","S.I.G.D. (Site intégré Gestion Déchets)"
"2.160.466.548","1","003","I.C.D.I."
"2.160.466.746","0","003","Site de Couillet"
"2.160.467.043","1","003","Site du Pont-de-Loup"
"2.160.467.340","1","003","Parc à conteneurs Anderlues"
"2.160.467.538","1","003","Parc à conteneur Chapelle-lez-Herlaimont"
"2.160.467.835","1","003","Parc à conteneur Couillet"
"2.160.468.033","1","003","Parc à conteneur Ransart"
"2.160.468.231","0","003","Parc à conteneur Châtelineau"
"2.160.468.627","1","003","Parc à conteneur Courcelles"
"2.160.469.023","1","003","Parc à conteneur Farciennes"
"2.160.469.320","1","003","Parc à conteneur Fleurus"
"2.160.469.716","1","003","Parc à conteneur Fontaine-L-Evêque"
"2.160.470.013","1","003","Parc à conteneurs Gerpinnes"
"2.160.470.211","1","003","Parc à conteneur Ham-Sur-Heure/Nalinnes"
"2.160.470.508","1","003","Parc à conteneur Montigny-Le-Tilleul"
"2.160.470.607","1","003","Parc à conteneur Les Bons Villers"
"2.160.470.805","1","003","Parc à conteneur Pont-A-Celles"
"2.160.507.625","1","003","IPFH"
"2.160.508.120","1","003","IPFH"
"2.160.521.481","1","003","Assoc. Interc.Hospitalière SHSN"
"2.160.521.778","1","003","Résidence ""Le Châlon"""
"2.160.520.590","1","003","AIESH"
"2.160.609.969","1","003","A.I.E.S.H."
"2.159.184.564","1","003","IGRETEC Bureau d'études"
"2.159.186.643","1","003","IGRETEC - TIC"
"2.159.187.237","1","003","IGRETEC Guichet Energie"
"2.159.187.435","1","003","IGRETEC Expl. Ouv. Epur."
"2.159.187.732","1","003","IGRETEC Expl. Ouv. Epur."
"2.165.538.262","1","003","IGRETEC - EOLE"
"2.186.298.539","1","003","Hall relais Fleurus"
"2.186.298.638","1","003","Exp. ouv. epur"
"2.216.804.346","1","003","IGRETEC Expl. Epur."
"2.161.391.513","1","003","Intercommunale de Santé Harmegnies-Roland"
"2.159.522.678","1","003","Centre Intercommunal de Santé ""Arthur Naze"""
"2.161.392.206","2","003","Intercom.Muziek academie Sint-Josse-Ten-Noode/Schaerbeek"
"2.161.392.206","1","003","Académie de Musique St-Josse-Ten-Noode/Schaerbeek"
"2.102.964.255","1","003","BELGACOM"
"2.102.970.589","2","003","BELGACOM"
"2.102.973.856","1","003","BELGACOM"
"2.102.974.252","1","003","Belgacom"
"2.102.974.351","1","003","Shop Nivelles"
"2.102.974.549","1","003","TELEBOUTIQUE-TELEBUSINESS"
"2.102.974.648","1","003","TELEBOUTIQUE"
"2.102.974.846","1","003","TELEBUSINESS"
"2.102.975.143","2","003","BELGACOM"
"2.133.609.525","1","003","BELGACOM"
"2.133.610.020","1","003","BELGACOM"
"2.133.610.812","2","003","BELGACOM"
"2.133.611.208","2","003","Shop Gent Centrum"
"2.133.611.703","2","003","BELGACOM"
"2.133.612.196","1","003","BELGACOM"
"2.133.612.394","1","003","BELGACOM"
"2.133.612.790","1","003","BELGACOM"
"2.133.613.087","1","003","BELGACOM"
"2.134.034.246","2","003","BELGACOM"
"2.153.240.048","0","003","BELGACOM"
"2.153.240.147","2","003","Belgacom"
"2.153.240.642","2","003","Belgacom"
"2.153.240.741","2","003","Belgacom"
"2.153.240.840","2","003","Belgacom"
"2.153.240.939","2","003","Belgacom"
"2.153.241.137","2","003","Belgacom"
"2.153.241.434","2","003","Belgacom"
"2.153.241.533","2","003","Belgacom"
"2.153.241.632","2","003","Belgacom"
"2.153.241.731","2","003","Belgacom"
"2.153.241.830","2","003","Belgacom"
"2.153.241.929","2","003","Belgacom"
"2.153.242.127","2","003","Belgacom"
"2.153.242.226","2","003","Belgacom"
"2.153.242.325","2","003","Belgacom"
"2.153.242.424","2","003","Belgacom"
"2.153.242.523","2","003","Belgacom"
"2.153.242.622","2","003","Belgacom"
"2.153.242.721","2","003","Belgacom"
"2.153.242.820","2","003","Belgacom"
"2.153.242.919","1","003","Belgacom"
"2.153.243.018","2","003","Belgacom"
"2.153.243.117","2","003","Belgacom"
"2.153.243.315","2","003","Belgacom"
"2.153.243.612","2","003","Belgacom"
"2.153.243.810","2","003","Belgacom"
"2.153.243.909","2","003","Belgacom"
"2.153.244.107","2","003","Belgacom"
"2.153.244.206","2","003","Belgacom"
"2.153.244.305","2","003","Belgacom"
"2.153.244.602","1","003","Belgacom"
"2.153.245.293","2","003","Belgacom"
"2.153.245.392","2","003","Belgacom"
"2.153.245.491","2","003","Belgacom"
"2.153.245.590","2","003","Belgacom"
"2.153.245.689","1","003","Belgacom"
"2.153.245.986","1","003","Belgacom"
"2.153.246.085","1","003","Belgacom"
"2.153.246.283","2","003","Belgacom"
"2.153.246.580","3","003","Belgacom"
"2.153.246.778","1","003","Belgacom"
"2.153.246.877","1","003","Belgacom"
"2.153.247.174","2","003","Belgacom"
"2.153.247.273","1","003","Belgacom"
"2.153.247.570","1","003","Belgacom"
"2.153.247.768","2","003","Belgacom"
"2.153.248.164","3","003","Belgacom"
"2.153.248.263","2","003","Belgacom"
"2.153.248.659","2","003","Belgacom"
"2.153.248.758","2","003","Belgacom"
"2.153.249.055","2","003","Belgacom"
"2.153.249.352","3","003","Belgacom"
"2.153.258.458","2","003","Belgacom"
"2.160.609.474","2","003","Eupen Klötzer"
"2.174.815.917","2","003","Belgacom Center Haasrode"
"2.174.823.142","1","003","Belgacom Mons T3"
"2.174.824.528","2","003","Belgacom Gent Groeninghe-Complex"
"2.177.924.667","2","003","Printshop Anderlecht"
"2.181.462.494","2","003","Proximus Wingene"
"2.186.642.096","1","003","Bastogne Group Store"
"2.186.643.779","1","003","Libramont Group Store"
"2.187.794.913","4","003","Outdoor Center Roeselare"
"2.209.570.522","2","003","Shop Brugge"
"2.210.681.072","1","003","BDC Courcelles"
"2.210.681.864","2","003","Shop Veurne"
"2.211.072.339","2","003","EXPLOITATIECENTRUM KORTRIJK"
"2.004.189.254","1","003","Compagnie Intercommunale Liégeoise des Eaux"
"2.182.180.987","1","003","CILE scrl"
"2.182.181.284","1","003","CILE scrl"
"2.182.181.680","1","003","CILE scrl"
"2.206.355.763","1","003","Port Autonome de Liège"
"2.001.171.663","1","003","AIOMS"
"2.159.816.549","1","003","MRS ""Clinique St Joseph"" et Soins Palliatifs ""Le Foyer"""
"2.159.816.945","1","003","MRS ""Régina"""
"2.159.817.242","1","003","La Kan"
"2.158.812.204","1","003","IMSTAM scrl"
"2.158.813.687","1","003","IMSTAM - PSE"
"2.160.263.343","1","003","Résidence ""Le Temps des Cerises"""
"2.160.263.541","1","003","Résidence Dejaifve"
"2.166.131.744","1","003","A.I.T.I."
"2.160.519.996","1","003","AIEM"
"2.159.997.483","1","003","Siège Social"
"2.159.997.483","2","003","Maatschappelijke zetel"
"2.159.997.582","1","003","Centre Technique de Linthout"
"2.159.997.582","2","003","Technisch centrum Linthout"
"2.159.997.780","2","003","Birmingham"
"2.159.997.780","1","003","Birmingham"
"2.159.997.978","1","003","Saint-Job"
"2.159.997.978","2","003","Saint-Job"
"2.159.998.176","1","003","Laboratoire"
"2.159.998.176","2","003","Laboratorium"
"2.159.998.572","1","003","Braine-L'Alleud"
"2.159.998.968","1","003","Tailfer"
"2.159.999.166","1","003","Vedrin"
"2.159.999.562","1","003","Ligny"
"2.159.999.661","1","003","Spontin"
"2.160.299.767","1","003","Ben-Ahin"
"2.160.299.767","2","003","Ben-Ahin"
"2.160.300.361","1","003","Havré"
"2.160.301.450","1","003","Ecaussinnes (Usine)"
"2.160.301.945","1","003","Ecaussinnes (Dépôt)"
"2.160.302.242","1","003","Uccle (Réservoir)"
"2.160.302.242","2","003","Ukkel (Reservoir)"
"2.160.302.836","2","003","Ukkel (Reservoir de Boitsfort)"
"2.160.302.836","1","003","Uccle (Réservoir de Boitsfort)"
"2.160.315.011","1","003","Yvoir-Champale"
"2.160.315.803","1","003","Plancenoit (usine)"
"2.160.316.494","1","003","Callois Witterzée (Réservoir)"
"2.160.316.692","1","003","Le Roeulx (Réservoir)"
"2.160.317.484","1","003","Bois de Villers (Réservoir)"
"2.160.317.979","1","003","Mazy (Tour d'équilibre)"
"2.160.318.177","1","003","Landenne (Château d'Eau)"
"2.160.318.573","1","003","Daussoulx (Noeud)"
"2.160.318.771","2","003","Elsene (Reservoir)"
"2.160.318.771","1","003","Ixelles (Réservoir)"
"2.160.319.860","1","003","Etterbeek (Réservoir)"
"2.160.319.860","2","003","Etterbeek (Reservoir)"
"2.160.320.553","1","003","Laeken (Usine du Mutsaert)"
"2.160.320.553","2","003","Laken (Fabriek du Mutsaert)"
"2.160.321.048","1","003","Profondeville (Usine)"
"2.160.321.147","1","003","Rhode (Réservoir)"
"2.160.321.444","1","003","Rhode (Noeud Ste Anne)"
"2.160.322.335","2","003","Zuiveringsstation Zuid"
"2.160.322.335","1","003","Station épuration Sud"
"2.160.322.731","1","003","Roodebeek"
"2.160.323.424","1","003","Lusambo"
"2.160.323.424","2","003","Lusambo"
"2.160.323.721","2","003","Ouest (Brukom)"
"2.160.323.820","2","003","Zaventem"
"2.160.323.919","1","003","Ghlin"
"2.160.324.018","1","003","BRAINE (service clientèle)"
"2.161.098.434","1","003","Modave"
"2.161.100.414","1","003","Vieux-Genappe"
"2.161.439.419","1","003","Landenne (Usine)"
"2.160.284.129","1","003","Laboratoire Intercommunale Bruxellois de Chimie et de Bactériologie"
"2.160.284.129","2","003","Brussels Intercommunaal Laboratorium voor Scheikunde en Bacteriologie"
"2.104.472.903","2","003","HASSELT"
"2.128.041.626","2","003","Holding Communal - Gemeentelijke Holding - Gemeindliche Holding"
"2.151.301.533","2","003","Delcredere"
"2.151.301.533","1","003","Ducroire"
"2.009.956.596","2","003","Intercommunale Coöperatie vennootschap voor Crematie"
"2.009.956.596","1","003","Société Coopérative Intercommunale de Crémation"
"2.143.563.606","1","003","B"
"2.143.609.136","2","003","B"
"2.182.832.669","2","003","9620Stationsplein12"
"2.182.832.768","2","003","9100Léopold II - laan2"
"2.182.832.966","2","003","8400Natiënkaai1"
"2.182.833.164","2","003","1400Rue de Namur185"
"2.182.833.461","2","003","7800Rue de la Station1"
"2.182.833.956","2","003","9000Koningin Fabiola laans/n"
"2.182.834.550","2","003","2018Dekeyserlei58-60132"
"2.182.834.748","2","003","1070Tweestationsstraat82"
"2.182.834.847","2","003","6001Rue de la Villette51"
"2.182.835.045","2","003","4000Rue des Guillemins26"
"2.182.835.243","2","003","1070Barastraat 135"
"2.182.835.441","1","003","1070Tweestationsstraat80"
"2.183.961.136","2","003","9000Kortrijksesteenweg398"
"2.183.961.235","2","003","5030Avenue de la Station1"
"2.183.961.334","2","003","1800Stationplein9"
"2.193.255.518","2","003","1130Ganzeweidestraat301"
"2.206.089.410","2","003","5000 NAMEN Rue Léanne 15"
"2.214.138.727","2","003","4000 RUE VARIN 4A"
"2.214.208.112","2","003","5000 Rue Léanne 1"
"2.158.896.831","2","003","Provinciale Brabantse Energiemaatschappij"
"2.149.664.708","1","003","A.I.D.E."
"2.152.229.466","1","003","Centre hospitalier Bois de l'Abbaye"
"2.161.218.792","1","003","CHBAH Site de Waremme"
"2.161.219.188","1","003","MR/MRS ""Les Heures Paisibles"""
"2.161.219.485","1","003","MRS ""Du Bois de L'Abbaye"""
"2.161.219.881","1","003","CHBAH Site de Seraing"
"2.161.220.079","1","003","MR Résidence Chantraine"
"2.161.221.069","1","003","Polyclinique Tubemeuse"
"2.158.977.203","1","003","Intercommunale de Distribution d'Eau de Nandrin - Tinlot et Environs"
"2.158.307.111","2","003","IOK"
"2.178.144.403","2","003","IOK - Ophaaldienst"
"2.194.140.097","2","003","Eandis"
"2.213.663.031","2","003","Intercommunaal Centrum voor Geweldbeheersing (ICG)"
"2.003.168.675","1","003","Centre Joseph  Leclercq - Siège Social"
"2.159.875.046","1","003","Centre Joseph Leclerq - Siège Social"
"2.159.875.244","1","003","Centre Antoine Moureau"
"2.159.875.343","1","003","Centre Joseph Latin"
"2.159.875.739","1","003","Centre de Formation"
"2.159.876.036","1","003","Site d'Ans"
"2.160.459.422","1","003","Centre Administratif Sainte-Marie"
"2.160.459.818","1","003","Centre Exploitation Secteur 5 - Jupille"
"2.160.460.016","1","003","Centre Exploitation Secteur 5 - Seraing"
"2.160.460.412","1","003","Centre Exploitation Secteur 5 - Herstal"
"2.160.460.610","1","003","Centre Exploitation Secteur 5 - Eupen"
"2.160.460.907","1","003","Centre Exploitation Dison"
"2.186.085.337","1","003","Site de Strépy"
"2.186.087.119","1","003","Boutique de Mons"
"2.186.087.713","1","003","Boutique de La Louvière"
"2.186.088.208","1","003","Site de Gosselies NOC"
"2.186.088.901","1","003","Site d'Ottignies"
"2.186.089.196","1","003","Site de Marche en Famenne"
"2.186.089.988","1","003","Site de Tournai"
"2.186.090.285","1","003","Site d'Arlon"
"2.186.090.582","1","003","Site de Lambermont"
"2.186.090.681","1","003","Site de Gosselies BO"
"2.186.090.978","1","003","Site de Farciennes"
"2.186.091.077","1","003","Site d'Auvelais"
"2.197.070.685","1","003","Magasin Central Milmort"
"2.158.810.719","1","003","SPI+"
"2.161.386.365","1","003","INTERMOSANE"
"2.182.384.984","1","003","Intermosane"
"2.004.188.660","1","003","Association Intercommunale pour la Protection et la Valorisation de l'Environnement"
"2.160.541.970","1","003","Station Epuration Bastogne Rhin"
"2.160.542.861","1","003","Station Epuration Arlon"
"2.160.543.158","1","003","Station Epuration Libramont Lhomme"
"2.160.543.257","1","003","Station Epuration Neufchâteau"
"2.160.544.148","1","003","Station Epuration Bertrix"
"2.160.544.445","1","003","Station Epuration Marche"
"2.160.544.742","1","003","Station Epuration Wellin"
"2.182.299.070","1","003","Hall de tri de saint-Vith"
"2.182.300.951","1","003","Usine de traitement des déchets Habay"
"2.182.301.149","1","003","Parc à conteneurs Bullange"
"2.182.301.743","1","003","Parc à conteneurs Burg-Reuland"
"2.182.302.337","1","003","Parc à conteneurs Waimes I"
"2.182.302.733","1","003","Parc à conteneurs Waimes II"
"2.182.303.426","1","003","Parc à conteneurs Malmedy"
"2.182.303.723","1","003","Parc à conteneurs Stavelot"
"2.182.304.119","1","003","Parc à conteneurs Trois-Ponts"
"2.182.304.614","1","003","Parc à conteneurs Stoumont"
"2.182.305.010","1","003","Parc à conteneurs de Vielsalm"
"2.182.305.604","1","003","Parc à conteneurs Gouvy"
"2.182.306.097","1","003","Parc à conteneurs Bütgenbach"
"2.182.306.196","1","003","Parc à conteneurs Amel"
"2.182.306.592","1","003","Parc à conteneurs Saint-Vith"
"2.182.306.889","1","003","Parc à conteneurs Houffalize"
"2.182.307.087","1","003","Parc à conteneurs Manhay"
"2.182.307.285","1","003","Parc à conteneurs Bastogne I"
"2.182.307.780","1","003","Parc à conteneurs Bastogne II"
"2.182.308.077","1","003","Parc à conteneurs Bertogne"
"2.182.308.572","1","003","Parc à conteneurs Durbuy"
"2.182.308.770","1","003","Parc à conteneurs Erezée"
"2.182.318.371","1","003","Parc à conteneurs Hotton"
"2.182.318.569","1","003","Parc à conteneurs La Roche"
"2.182.319.361","1","003","Parc à conteneurs Libin"
"2.182.319.757","1","003","Parc à conteneurs Libramont"
"2.182.323.717","1","003","Parc à conteneurs Marche I"
"2.183.209.286","1","003","Parc à conteneurs Marche II"
"2.183.209.682","1","003","Parc à conteneurs Nassogne"
"2.183.210.177","1","003","Parc à conteneurs Saint Hubert"
"2.183.210.771","1","003","Parc à conteneurs Tellin"
"2.183.210.870","1","003","Parc à conteneurs Tenneville"
"2.183.211.068","1","003","Parc à conteneurs Vaux-sur-Sûre"
"2.183.211.662","1","003","Parc à conteneurs Aubange"
"2.183.211.860","1","003","Parc à conteneurs Chiny"
"2.183.212.553","1","003","Parc à conteneurs Fauvilliers"
"2.183.217.404","1","003","Parc à conteneurs  Habay"
"2.183.217.996","1","003","Parc à conteneurs Léglise"
"2.183.218.194","1","003","Parc à conteneurs Messancy"
"2.183.218.293","1","003","Parc à conteneurs Musson"
"2.183.218.392","1","003","Parc à conteneurs Rouvroy"
"2.183.218.590","1","003","Parc à conteneurs Saint-Léger"
"2.183.218.788","1","003","Parc à conteneurs Tintigny"
"2.183.219.085","1","003","Parc à conteneurs Bertrix"
"2.183.219.481","1","003","Parc à conteneurs Bouillon"
"2.183.219.976","1","003","Parc à conteneurs Daverdisse"
"2.183.220.372","1","003","Parc à conteneurs Herbeumont"
"2.183.220.570","1","003","Parc à Conteneurs Neufchateau"
"2.183.220.867","1","003","Parc à conteneurs Paliseul"
"2.183.221.164","1","003","Parc à conteneurs Wellin"
"2.183.221.461","1","003","Usine Tenneville"
"2.183.222.451","1","003","Station de transfert de Manhay"
"2.183.265.706","1","003","Parc à conteneurs Florenville"
"2.183.265.805","1","003","Parc à conteneurs Rendeux"
"2.183.266.102","1","003","Parc à conteneurs Attert"
"2.183.295.103","1","003","Station Epuration Virton"
"2.183.435.059","1","003","Administration Habay"
"2.183.435.257","1","003","Hall des tris Habay"
"2.183.435.554","1","003","Administration Tenneville"
"2.183.435.950","1","003","CET Classe III Bertrix"
"2.185.704.463","1","003","Station Epuration Athus"
"2.185.704.760","1","003","Administration Bertrix"
"2.185.725.546","1","003","Station Epuration Houffalize"
"2.185.726.338","1","003","Station Epuration Bouillon"
"2.200.119.356","1","003","Parc à Conteneurs"
"2.222.740.449","1","003","Parc à conteneurs Corbion"
"2.158.292.758","2","003","TMVW"
"2.175.916.569","2","003","TMVW - Zone Asse"
"2.175.916.866","2","003","TMVW - Zone Brugge"
"2.175.916.965","2","003","TMVW - Zone Ronse"
"2.207.103.356","2","003","Zwembad Strop"
"2.207.103.653","2","003","Zwembad Van Eyck"
"2.207.105.039","2","003","Zwembad Neptunus"
"2.207.105.138","2","003","Zwembad Rooigem"
"2.207.105.336","2","003","Zwembad Bert Carlier"
"2.207.106.623","2","003","Sporthal Bourgoyen"
"2.207.106.821","2","003","Sporthal Driebeek"
"2.207.107.613","2","003","Sporthal Hekers"
"2.207.108.108","2","003","Sporthal Keiskant"
"2.207.108.405","2","003","Sporthal Neptunus"
"2.207.115.531","2","003","Sporthal Tolhuis"
"2.207.115.630","2","003","Sporthal Wolfput"
"2.207.115.828","2","003","Openluchtcentrum Jan Yoens"
"2.207.116.125","2","003","Zwembad Rosas"
"2.207.116.323","2","003","Sportpark Den Akker"
"2.207.116.422","2","003","Zwembad Bloemendale"
"2.207.117.511","2","003","Sporthal D'Hoogploate"
"2.207.117.808","2","003","Buiten terrein Jules Soetestadion"
"2.207.118.501","2","003","Zwembad Wielingenbad"
"2.207.118.994","2","003","Sporthal Haneveld"
"2.207.180.956","2","003","Sporthal Flabbaert"
"2.207.181.847","2","003","Sporthal Onderdaele"
"2.207.183.827","2","003","Zwembad Lebbeke"
"2.207.184.916","2","003","Zwembad Noordzeebad"
"2.207.185.114","2","003","Sporthal Sportdoze"
"2.207.187.587","2","003","Sporthal Lebbeke + BT"
"2.207.187.884","2","003","Zwembad Heuvelkouter"
"2.207.188.082","2","003","Zwembad Duinenbad"
"2.207.188.874","2","003","Zwembad Amfoor"
"2.207.192.042","2","003","Zwembad Dadizele"
"2.207.194.616","2","003","Zwembad"
"2.207.195.309","2","003","Zwembad De Valkaart"
"2.207.195.705","2","003","Sporthal De Valkaart"
"2.207.196.792","2","003","Sporthal + BT Riderfort"
"2.207.196.990","2","003","Sporthal Ternat"
"2.207.198.079","2","003","Zwembad Ternat"
"2.207.214.808","2","003","Zwembad + Sporthal Eurohal"
"2.207.215.204","2","003","Zwembad Den Boer"
"2.207.215.796","2","003","Sporthal + BT Den Boer"
"2.207.216.390","2","003","Gentse Roei- en Sportvereniging"
"2.207.216.786","2","003","Sporthal Leopoldskazerne"
"2.207.216.984","2","003","Sporthal Heiveld"
"2.207.217.380","2","003","Buitenterrein Hogeveld"
"2.207.217.578","2","003","Sporthal"
"2.208.517.774","2","003","JB Derooverstadion"
"2.208.518.170","2","003","Zwembad Gistel"
"2.208.518.764","2","003","Sporthal Gistel"
"2.208.519.160","2","003","Buitenterrein Gistel 1"
"2.208.519.457","2","003","Buitenterrein Gistel 2"
"2.208.519.853","2","003","Sporthal Eeklo"
"2.208.520.348","2","003","Zwembad Eeklo"
"2.208.521.140","2","003","Sporthal Waarschoot"
"2.208.521.239","2","003","Sporthal De Pluimen"
"2.208.533.315","2","003","Tennis Blankenberge"
"2.208.533.612","2","003","Zwembad Rozebroeken"
"2.208.533.810","2","003","Sporthal Rozebroeken"
"2.229.447.307","2","003","Buitenterrein Albertstadion"
"2.229.448.295","2","003","Sportcomplex Bergenmeers (Tennis)"
"2.229.448.691","2","003","Sportcomplex moerkensheide (Kunstgras)"
"2.229.449.087","2","003","Sporthal Drogenbrood"
"2.229.449.582","2","003","Zwembad Lichtervelde"
"2.229.719.303","2","003","Sporthal Heuvelkouter"
"2.229.719.796","2","003","Sporthal Bosveld"
"2.229.720.489","2","003","Tenniscomplex Machelen"
"2.229.720.984","2","003","Jeugdcomplex Diegem"
"2.229.721.380","2","003","Complex Diegem Park"
"2.229.721.578","2","003","Sporthal Robusta"
"2.229.721.875","2","003","Plonsbadenpark"
"2.161.837.317","2","003","SOLVA Administratie"
"2.158.766.672","1","003","Intercommunale des Eaux du Centre du Brabant wallon (I.E.C.B.W.)"
"2.166.134.615","1","003","IBW"
"2.166.130.457","1","003","Intercommunale Sociale du Brabant Wallon"
"2.168.951.672","1","003","La Farandole"
"2.168.951.870","1","003","Espace Enfance"
"2.168.951.969","1","003","Le Couffin"
"2.168.952.068","1","003","Service d'accompagnement de la personne - Service prévention suicide - Service d'accompagnement d'enfants en deuil"
"2.168.952.266","1","003","Accueil extra-scolaire de Tourinnes-la-Grosse"
"2.168.952.662","1","003","Accueil extra-scolaire d'Ophain"
"2.168.952.959","1","003","Accueil extra-scolaire ""Les Marronniers"" à Wauthier-Braine"
"2.168.953.058","1","003","Accueil extra-scolaire de Wauthier-Braine"
"2.168.953.256","1","003","Accueil extra-scolaire de Noucelles"
"2.168.955.533","1","003","accueil extra-scolaire ""Saint-Rémy"" à Braine-Le-Château"
"2.168.955.830","1","003","Accueil extra-scolaire d'Opprebais"
"2.168.956.127","1","003","Accueil extra-scolaire de Piétrebais"
"2.168.956.325","1","003","Accueil extra-scolaire de Genappe"
"2.168.956.721","1","003","Accueil extra-scolaire du Blocry à Ottignies"
"2.168.957.414","1","003","Accueil extra-scolaire de Jassans à Limelette"
"2.168.957.711","1","003","Accueil extra-scolaire de Saintes Maternelles"
"2.168.957.909","1","003","Accueil extra-scolaire de Saintes Primaires"
"2.168.958.107","1","003","Accueil extra-scolaire de Oisquercq"
"2.168.958.503","1","003","Accueil extra-scolaire Libre de Saintes"
"2.168.959.194","1","003","Accueil extra-scolaire ""Gabrielle Petit"" à Tubize"
"2.168.959.689","1","003","Accueil extra-scolaire ""Saint-Joseph"" à Tubize"
"2.168.960.283","1","003","Accueil extra-scolaire ""Baulers"" à Nivelles"
"2.168.960.580","1","003","Accueil extra-scolaire de la Maillebotte à Nivelles"
"2.168.960.778","1","003","Accueil extra-scolaire des Colibris à la Hulpe"
"2.168.960.976","1","003","Accueil extra-scolaire des Lutins à La Hulpe"
"2.168.961.471","1","003","Accueil extra-scolaire de Marbais"
"2.168.961.570","1","003","Accueil extra-scolaire de Tilly"
"2.168.961.768","1","003","Accueil extra-scolaire de Clabecq"
"2.150.858.697","2","003","Congregatie der Gasthuiszusters-Augustinessen van Diest"
"2.162.917.579","2","003","IMSIR"
"2.171.339.159","2","003","Beschermde Werkplaats IMSIR"
"2.163.001.119","2","003","Haviland CV"
"2.161.770.110","2","003","Intercommunale Watermaatschappij"
"2.161.770.308","2","003","Intercommunale Watermaatschappij"
"2.162.852.253","1","003","I.D.E.A. Région Mons-Borinage-Centre"
"2.162.853.342","1","003","I.D.E.A. Région Mons-Borinage-Centre"
"2.162.853.540","1","003","I.D.E.A. Région Mons-Borinage-Centre"
"2.162.853.639","1","003","I.D.E.A. Région Mons-Borinage-Centre"
"2.162.853.936","1","003","I.D.E.A. Mons-Borinage-Centre"
"2.162.854.629","1","003","I.D.E.A. Région Mons-Borinage-Centre"
"2.162.854.926","1","003","I.D.E.A. Région Mons-Borinage-Centre"
"2.165.787.195","1","003","I.D.E.A. Région Mons-Borinage-Centre"
"2.227.021.515","1","003","Service entretien des biens - Infrastructures"
"2.163.789.688","1","003","IRSIA ETA 7"
"2.163.789.787","1","003","IRSIA ETA 7"
"2.163.790.480","1","003","IRSIA ETA 7"
"2.163.790.579","1","003","Les Enfants d'Abord"
"2.163.791.272","1","003","La Bambinière"
"2.163.791.371","1","003","Les Diablotins"
"2.163.791.767","1","003","Les Canailloux"
"2.163.791.866","1","003","Le Chateau des Enfants"
"2.163.791.965","1","003","La Bambinade"
"2.191.518.723","1","003","LES MINI-MOMES"
"2.164.737.518","1","003","SIMOGEL"
"2.162.441.982","2","003","NOLIMPARK D.V."
"2.154.177.186","2","003","Hoofdzetel van : Intercommunale School voor Buitengewoon Secundair Onderwijs De Wissel"
"2.154.177.285","2","003","Vestigingsplaats van : Intercommunale School voor Buitengewoon Secundair Onderwijs De Wissel"
"2.163.385.555","2","003","BC Ter Heide, campus Genk"
"2.163.385.654","2","003","BC Ter Heide, campus Zonhoven"
"2.163.385.753","2","003","BC Ter Heide, campus Brikhof"
"2.163.385.852","2","003","BC Ter Heide, campus Henisberg"
"2.163.385.951","2","003","AZERTiE Gespecialiseerde opleidings-, begeleidings- en bemiddelingsdienst"
"2.158.307.210","2","003","INFRAX LIMBURG o.v."
"2.004.335.348","1","003","Association Intercommunale des Eaux du Condroz"
"2.159.828.625","1","003","BEP - Environnement"
"2.159.829.021","1","003","Parc à Conteneurs d'Andenne"
"2.159.830.902","1","003","Parc à conteneurs de Champion"
"2.159.831.296","1","003","Parc à conteneurs d'Eghezée"
"2.159.831.494","1","003","Parc à conteneurs Fernelmont"
"2.159.831.692","1","003","Parc à conteneurs Fosses-la-Ville"
"2.159.831.890","1","003","Parc à conteneurs de Gemboux"
"2.159.832.088","1","003","Parc à conteneurs de Héron"
"2.159.832.385","1","003","Parc à conteneurs de Jemeppe - sur - Sambre"
"2.159.832.682","1","003","Parc à conteneurs La Bruyère"
"2.159.832.781","1","003","Parc à conteneurs de Malonne"
"2.159.832.979","1","003","Parc à conteneurs de Naninne"
"2.159.833.276","1","003","Parc à conteneurs de Sambreville"
"2.159.833.375","1","003","Parc à conteneurs de Sombreffe"
"2.159.833.573","1","003","Parc à conteneurs d'Anhée"
"2.159.834.167","1","003","Parc à conteneurs de Ciney"
"2.159.834.365","1","003","Parc à conteneurs de Dinant"
"2.159.834.761","1","003","Parc à conteneurs d'Hamois"
"2.159.835.553","1","003","Parc à conteneurs d'Havelange"
"2.159.836.048","1","003","Parc à conteneurs d'Hastière"
"2.159.837.830","1","003","Parc à conteneurs de Rochefort"
"2.159.844.065","1","003","Parc à conteneurs de Cerfontaine"
"2.159.844.164","1","003","Parc à conteneurs de Couvin"
"2.159.844.263","1","003","Parc à conteneurs de Doische"
"2.159.844.362","1","003","Parc à conteneurs Florennes"
"2.159.844.461","1","003","Parc à conteneurs de Mettet"
"2.159.844.560","1","003","Parc à conteneurs de Philippeville"
"2.159.844.758","1","003","Parc à conteneurs de Viroinval"
"2.159.844.857","1","003","Parc à conteneurs de Walcourt"
"2.159.845.055","1","003","Parc à conteneurs de Beauraing"
"2.159.845.748","1","003","Parc à conteneurs de Malvoisin"
"2.159.847.134","1","003","Centre de compostage de Naninne"
"2.159.847.332","1","003","Dépôt collectes déchets ménagers Ciney"
"2.159.848.916","1","003","Dépôt collectes déchets ménagers Malvoisin"
"2.159.850.795","1","003","C.E.T. Gedinne - Malvoisin"
"2.159.851.884","1","003","Hall Polyvalent Tamines"
"2.159.859.408","1","003","Parc à conteneurs d'Assesse"
"2.159.859.903","1","003","Dépôt collecte déchets ménagers Philippeville"
"2.164.983.877","1","003","Parc à conteneurs de Bièvre"
"2.176.963.278","1","003","Parc à conteneurs d'Ohey"
"2.189.517.355","1","003","S.I.G.D. (Site intégré Gestion Déchets)"
"2.160.466.548","1","003","I.C.D.I."
"2.160.466.746","0","003","Site de Couillet"
"2.160.467.043","1","003","Site du Pont-de-Loup"
"2.160.467.340","1","003","Parc à conteneurs Anderlues"
"2.160.467.538","1","003","Parc à conteneur Chapelle-lez-Herlaimont"
"2.160.467.835","1","003","Parc à conteneur Couillet"
"2.160.468.033","1","003","Parc à conteneur Ransart"
"2.160.468.231","0","003","Parc à conteneur Châtelineau"
"2.160.468.627","1","003","Parc à conteneur Courcelles"
"2.160.469.023","1","003","Parc à conteneur Farciennes"
"2.160.469.320","1","003","Parc à conteneur Fleurus"
"2.160.469.716","1","003","Parc à conteneur Fontaine-L-Evêque"
"2.160.470.013","1","003","Parc à conteneurs Gerpinnes"
"2.160.470.211","1","003","Parc à conteneur Ham-Sur-Heure/Nalinnes"
"2.160.470.508","1","003","Parc à conteneur Montigny-Le-Tilleul"
"2.160.470.607","1","003","Parc à conteneur Les Bons Villers"
"2.160.470.805","1","003","Parc à conteneur Pont-A-Celles"
"2.160.507.625","1","003","IPFH"
"2.160.508.120","1","003","IPFH"
"2.160.521.481","1","003","Assoc. Interc.Hospitalière SHSN"
"2.160.521.778","1","003","Résidence ""Le Châlon"""
"2.160.520.590","1","003","AIESH"
"2.160.609.969","1","003","A.I.E.S.H."
"2.159.184.564","1","003","IGRETEC Bureau d'études"
"2.159.186.643","1","003","IGRETEC - TIC"
"2.159.187.237","1","003","IGRETEC Guichet Energie"
"2.159.187.435","1","003","IGRETEC Expl. Ouv. Epur."
"2.159.187.732","1","003","IGRETEC Expl. Ouv. Epur."
"2.165.538.262","1","003","IGRETEC - EOLE"
"2.186.298.539","1","003","Hall relais Fleurus"
"2.186.298.638","1","003","Exp. ouv. epur"
"2.216.804.346","1","003","IGRETEC Expl. Epur."
"2.161.391.513","1","003","Intercommunale de Santé Harmegnies-Roland"
"2.159.522.678","1","003","Centre Intercommunal de Santé ""Arthur Naze"""
"2.161.392.206","2","003","Intercom.Muziek academie Sint-Josse-Ten-Noode/Schaerbeek"
"2.161.392.206","1","003","Académie de Musique St-Josse-Ten-Noode/Schaerbeek"
"2.102.964.255","1","003","BELGACOM"
"2.102.970.589","2","003","BELGACOM"
"2.102.973.856","1","003","BELGACOM"
"2.102.974.252","1","003","Belgacom"
"2.102.974.351","1","003","Shop Nivelles"
"2.102.974.549","1","003","TELEBOUTIQUE-TELEBUSINESS"
"2.102.974.648","1","003","TELEBOUTIQUE"
"2.102.974.846","1","003","TELEBUSINESS"
"2.102.975.143","2","003","BELGACOM"
"2.133.609.525","1","003","BELGACOM"
"2.133.610.020","1","003","BELGACOM"
"2.133.610.812","2","003","BELGACOM"
"2.133.611.208","2","003","Shop Gent Centrum"
"2.133.611.703","2","003","BELGACOM"
"2.133.612.196","1","003","BELGACOM"
"2.133.612.394","1","003","BELGACOM"
"2.133.612.790","1","003","BELGACOM"
"2.133.613.087","1","003","BELGACOM"
"2.134.034.246","2","003","BELGACOM"
"2.153.240.048","0","003","BELGACOM"
"2.153.240.147","2","003","Belgacom"
"2.153.240.642","2","003","Belgacom"
"2.153.240.741","2","003","Belgacom"
"2.153.240.840","2","003","Belgacom"
"2.153.240.939","2","003","Belgacom"
"2.153.241.137","2","003","Belgacom"
"2.153.241.434","2","003","Belgacom"
"2.153.241.533","2","003","Belgacom"
"2.153.241.632","2","003","Belgacom"
"2.153.241.731","2","003","Belgacom"
"2.153.241.830","2","003","Belgacom"
"2.153.241.929","2","003","Belgacom"
"2.153.242.127","2","003","Belgacom"
"2.153.242.226","2","003","Belgacom"
"2.153.242.325","2","003","Belgacom"
"2.153.242.424","2","003","Belgacom"
"2.153.242.523","2","003","Belgacom"
"2.153.242.622","2","003","Belgacom"
"2.153.242.721","2","003","Belgacom"
"2.153.242.820","2","003","Belgacom"
"2.153.242.919","1","003","Belgacom"
"2.153.243.018","2","003","Belgacom"
"2.153.243.117","2","003","Belgacom"
"2.153.243.315","2","003","Belgacom"
"2.153.243.612","2","003","Belgacom"
"2.153.243.810","2","003","Belgacom"
"2.153.243.909","2","003","Belgacom"
"2.153.244.107","2","003","Belgacom"
"2.153.244.206","2","003","Belgacom"
"2.153.244.305","2","003","Belgacom"
"2.153.244.602","1","003","Belgacom"
"2.153.245.293","2","003","Belgacom"
"2.153.245.392","2","003","Belgacom"
"2.153.245.491","2","003","Belgacom"
"2.153.245.590","2","003","Belgacom"
"2.153.245.689","1","003","Belgacom"
"2.153.245.986","1","003","Belgacom"
"2.153.246.085","1","003","Belgacom"
"2.153.246.283","2","003","Belgacom"
"2.153.246.580","3","003","Belgacom"
"2.153.246.778","1","003","Belgacom"
"2.153.246.877","1","003","Belgacom"
"2.153.247.174","2","003","Belgacom"
"2.153.247.273","1","003","Belgacom"
"2.153.247.570","1","003","Belgacom"
"2.153.247.768","2","003","Belgacom"
"2.153.248.164","3","003","Belgacom"
"2.153.248.263","2","003","Belgacom"
"2.153.248.659","2","003","Belgacom"
"2.153.248.758","2","003","Belgacom"
"2.153.249.055","2","003","Belgacom"
"2.153.249.352","3","003","Belgacom"
"2.153.258.458","2","003","Belgacom"
"2.160.609.474","2","003","Eupen Klötzer"
"2.174.815.917","2","003","Belgacom Center Haasrode"
"2.174.823.142","1","003","Belgacom Mons T3"
"2.174.824.528","2","003","Belgacom Gent Groeninghe-Complex"
"2.177.924.667","2","003","Printshop Anderlecht"
"2.181.462.494","2","003","Proximus Wingene"
"2.186.642.096","1","003","Bastogne Group Store"
"2.186.643.779","1","003","Libramont Group Store"
"2.187.794.913","4","003","Outdoor Center Roeselare"
"2.209.570.522","2","003","Shop Brugge"
"2.210.681.072","1","003","BDC Courcelles"
"2.210.681.864","2","003","Shop Veurne"
"2.211.072.339","2","003","EXPLOITATIECENTRUM KORTRIJK"
"2.004.189.254","1","003","Compagnie Intercommunale Liégeoise des Eaux"
"2.182.180.987","1","003","CILE scrl"
"2.182.181.284","1","003","CILE scrl"
"2.182.181.680","1","003","CILE scrl"
"2.206.355.763","1","003","Port Autonome de Liège"
"2.001.171.663","1","003","AIOMS"
"2.159.816.549","1","003","MRS ""Clinique St Joseph"" et Soins Palliatifs ""Le Foyer"""
"2.159.816.945","1","003","MRS ""Régina"""
"2.159.817.242","1","003","La Kan"
"2.158.812.204","1","003","IMSTAM scrl"
"2.158.813.687","1","003","IMSTAM - PSE"
"2.160.263.343","1","003","Résidence ""Le Temps des Cerises"""
"2.160.263.541","1","003","Résidence Dejaifve"
"2.166.131.744","1","003","A.I.T.I."
"2.160.519.996","1","003","AIEM"
"2.159.997.483","1","003","Siège Social"
"2.159.997.483","2","003","Maatschappelijke zetel"
"2.159.997.582","1","003","Centre Technique de Linthout"
"2.159.997.582","2","003","Technisch centrum Linthout"
"2.159.997.780","2","003","Birmingham"
"2.159.997.780","1","003","Birmingham"
"2.159.997.978","1","003","Saint-Job"
"2.159.997.978","2","003","Saint-Job"
"2.159.998.176","1","003","Laboratoire"
"2.159.998.176","2","003","Laboratorium"
"2.159.998.572","1","003","Braine-L'Alleud"
"2.159.998.968","1","003","Tailfer"
"2.159.999.166","1","003","Vedrin"
"2.159.999.562","1","003","Ligny"
"2.159.999.661","1","003","Spontin"
"2.160.299.767","1","003","Ben-Ahin"
"2.160.299.767","2","003","Ben-Ahin"
"2.160.300.361","1","003","Havré"
"2.160.301.450","1","003","Ecaussinnes (Usine)"
"2.160.301.945","1","003","Ecaussinnes (Dépôt)"
"2.160.302.242","1","003","Uccle (Réservoir)"
"2.160.302.242","2","003","Ukkel (Reservoir)"
"2.160.302.836","2","003","Ukkel (Reservoir de Boitsfort)"
"2.160.302.836","1","003","Uccle (Réservoir de Boitsfort)"
"2.160.315.011","1","003","Yvoir-Champale"
"2.160.315.803","1","003","Plancenoit (usine)"
"2.160.316.494","1","003","Callois Witterzée (Réservoir)"
"2.160.316.692","1","003","Le Roeulx (Réservoir)"
"2.160.317.484","1","003","Bois de Villers (Réservoir)"
"2.160.317.979","1","003","Mazy (Tour d'équilibre)"
"2.160.318.177","1","003","Landenne (Château d'Eau)"
"2.160.318.573","1","003","Daussoulx (Noeud)"
"2.160.318.771","2","003","Elsene (Reservoir)"
"2.160.318.771","1","003","Ixelles (Réservoir)"
"2.160.319.860","1","003","Etterbeek (Réservoir)"
"2.160.319.860","2","003","Etterbeek (Reservoir)"
"2.160.320.553","1","003","Laeken (Usine du Mutsaert)"
"2.160.320.553","2","003","Laken (Fabriek du Mutsaert)"
"2.160.321.048","1","003","Profondeville (Usine)"
"2.160.321.147","1","003","Rhode (Réservoir)"
"2.160.321.444","1","003","Rhode (Noeud Ste Anne)"
"2.160.322.335","2","003","Zuiveringsstation Zuid"
"2.160.322.335","1","003","Station épuration Sud"
"2.160.322.731","1","003","Roodebeek"
"2.160.323.424","1","003","Lusambo"
"2.160.323.424","2","003","Lusambo"
"2.160.323.721","2","003","Ouest (Brukom)"
"2.160.323.820","2","003","Zaventem"
"2.160.323.919","1","003","Ghlin"
"2.160.324.018","1","003","BRAINE (service clientèle)"
"2.161.098.434","1","003","Modave"
"2.161.100.414","1","003","Vieux-Genappe"
"2.161.439.419","1","003","Landenne (Usine)"
"2.160.284.129","1","003","Laboratoire Intercommunale Bruxellois de Chimie et de Bactériologie"
"2.160.284.129","2","003","Brussels Intercommunaal Laboratorium voor Scheikunde en Bacteriologie"
"2.104.472.903","2","003","HASSELT"
"2.128.041.626","2","003","Holding Communal - Gemeentelijke Holding - Gemeindliche Holding"
"2.151.301.533","2","003","Delcredere"
"2.151.301.533","1","003","Ducroire"
"2.009.956.596","2","003","Intercommunale Coöperatie vennootschap voor Crematie"
"2.009.956.596","1","003","Société Coopérative Intercommunale de Crémation"
"2.143.563.606","1","003","B"
"2.143.609.136","2","003","B"
"2.182.832.669","2","003","9620Stationsplein12"
"2.182.832.768","2","003","9100Léopold II - laan2"
"2.182.832.966","2","003","8400Natiënkaai1"
"2.182.833.164","2","003","1400Rue de Namur185"
"2.182.833.461","2","003","7800Rue de la Station1"
"2.182.833.956","2","003","9000Koningin Fabiola laans/n"
"2.182.834.550","2","003","2018Dekeyserlei58-60132"
"2.182.834.748","2","003","1070Tweestationsstraat82"
"2.182.834.847","2","003","6001Rue de la Villette51"
"2.182.835.045","2","003","4000Rue des Guillemins26"
"2.182.835.243","2","003","1070Barastraat 135"
"2.182.835.441","1","003","1070Tweestationsstraat80"
"2.183.961.136","2","003","9000Kortrijksesteenweg398"
"2.183.961.235","2","003","5030Avenue de la Station1"
"2.183.961.334","2","003","1800Stationplein9"
"2.193.255.518","2","003","1130Ganzeweidestraat301"
"2.206.089.410","2","003","5000 NAMEN Rue Léanne 15"
"2.214.138.727","2","003","4000 RUE VARIN 4A"
"2.214.208.112","2","003","5000 Rue Léanne 1"
"2.158.896.831","2","003","Provinciale Brabantse Energiemaatschappij"
"2.149.664.708","1","003","A.I.D.E."
"2.152.229.466","1","003","Centre hospitalier Bois de l'Abbaye"
"2.161.218.792","1","003","CHBAH Site de Waremme"
"2.161.219.188","1","003","MR/MRS ""Les Heures Paisibles"""
"2.161.219.485","1","003","MRS ""Du Bois de L'Abbaye"""
"2.161.219.881","1","003","CHBAH Site de Seraing"
"2.161.220.079","1","003","MR Résidence Chantraine"
"2.161.221.069","1","003","Polyclinique Tubemeuse"
"2.158.977.203","1","003","Intercommunale de Distribution d'Eau de Nandrin - Tinlot et Environs"
"2.158.307.111","2","003","IOK"
"2.178.144.403","2","003","IOK - Ophaaldienst"
"2.194.140.097","2","003","Eandis"
"2.213.663.031","2","003","Intercommunaal Centrum voor Geweldbeheersing (ICG)"
"2.003.168.675","1","003","Centre Joseph  Leclercq - Siège Social"
"2.159.875.046","1","003","Centre Joseph Leclerq - Siège Social"
"2.159.875.244","1","003","Centre Antoine Moureau"
"2.159.875.343","1","003","Centre Joseph Latin"
"2.159.875.739","1","003","Centre de Formation"
"2.159.876.036","1","003","Site d'Ans"
"2.160.459.422","1","003","Centre Administratif Sainte-Marie"
"2.160.459.818","1","003","Centre Exploitation Secteur 5 - Jupille"
"2.160.460.016","1","003","Centre Exploitation Secteur 5 - Seraing"
"2.160.460.412","1","003","Centre Exploitation Secteur 5 - Herstal"
"2.160.460.610","1","003","Centre Exploitation Secteur 5 - Eupen"
"2.160.460.907","1","003","Centre Exploitation Dison"
"2.186.085.337","1","003","Site de Strépy"
"2.186.087.119","1","003","Boutique de Mons"
"2.186.087.713","1","003","Boutique de La Louvière"
"2.186.088.208","1","003","Site de Gosselies NOC"
"2.186.088.901","1","003","Site d'Ottignies"
"2.186.089.196","1","003","Site de Marche en Famenne"
"2.186.089.988","1","003","Site de Tournai"
"2.186.090.285","1","003","Site d'Arlon"
"2.186.090.582","1","003","Site de Lambermont"
"2.186.090.681","1","003","Site de Gosselies BO"
"2.186.090.978","1","003","Site de Farciennes"
"2.186.091.077","1","003","Site d'Auvelais"
"2.197.070.685","1","003","Magasin Central Milmort"
"2.158.810.719","1","003","SPI+"
"2.161.386.365","1","003","INTERMOSANE"
"2.182.384.984","1","003","Intermosane"
"2.004.188.660","1","003","Association Intercommunale pour la Protection et la Valorisation de l'Environnement"
"2.160.541.970","1","003","Station Epuration Bastogne Rhin"
"2.160.542.861","1","003","Station Epuration Arlon"
"2.160.543.158","1","003","Station Epuration Libramont Lhomme"
"2.160.543.257","1","003","Station Epuration Neufchâteau"
"2.160.544.148","1","003","Station Epuration Bertrix"
"2.160.544.445","1","003","Station Epuration Marche"
"2.160.544.742","1","003","Station Epuration Wellin"
"2.182.299.070","1","003","Hall de tri de saint-Vith"
"2.182.300.951","1","003","Usine de traitement des déchets Habay"
"2.182.301.149","1","003","Parc à conteneurs Bullange"
"2.182.301.743","1","003","Parc à conteneurs Burg-Reuland"
"2.182.302.337","1","003","Parc à conteneurs Waimes I"
"2.182.302.733","1","003","Parc à conteneurs Waimes II"
"2.182.303.426","1","003","Parc à conteneurs Malmedy"
"2.182.303.723","1","003","Parc à conteneurs Stavelot"
"2.182.304.119","1","003","Parc à conteneurs Trois-Ponts"
"2.182.304.614","1","003","Parc à conteneurs Stoumont"
"2.182.305.010","1","003","Parc à conteneurs de Vielsalm"
"2.182.305.604","1","003","Parc à conteneurs Gouvy"
"2.182.306.097","1","003","Parc à conteneurs Bütgenbach"
"2.182.306.196","1","003","Parc à conteneurs Amel"
"2.182.306.592","1","003","Parc à conteneurs Saint-Vith"
"2.182.306.889","1","003","Parc à conteneurs Houffalize"
"2.182.307.087","1","003","Parc à conteneurs Manhay"
"2.182.307.285","1","003","Parc à conteneurs Bastogne I"
"2.182.307.780","1","003","Parc à conteneurs Bastogne II"
"2.182.308.077","1","003","Parc à conteneurs Bertogne"
"2.182.308.572","1","003","Parc à conteneurs Durbuy"
"2.182.308.770","1","003","Parc à conteneurs Erezée"
"2.182.318.371","1","003","Parc à conteneurs Hotton"
"2.182.318.569","1","003","Parc à conteneurs La Roche"
"2.182.319.361","1","003","Parc à conteneurs Libin"
"2.182.319.757","1","003","Parc à conteneurs Libramont"
"2.182.323.717","1","003","Parc à conteneurs Marche I"
"2.183.209.286","1","003","Parc à conteneurs Marche II"
"2.183.209.682","1","003","Parc à conteneurs Nassogne"
"2.183.210.177","1","003","Parc à conteneurs Saint Hubert"
"2.183.210.771","1","003","Parc à conteneurs Tellin"
"2.183.210.870","1","003","Parc à conteneurs Tenneville"
"2.183.211.068","1","003","Parc à conteneurs Vaux-sur-Sûre"
"2.183.211.662","1","003","Parc à conteneurs Aubange"
"2.183.211.860","1","003","Parc à conteneurs Chiny"
"2.183.212.553","1","003","Parc à conteneurs Fauvilliers"
"2.183.217.404","1","003","Parc à conteneurs  Habay"
"2.183.217.996","1","003","Parc à conteneurs Léglise"
"2.183.218.194","1","003","Parc à conteneurs Messancy"
"2.183.218.293","1","003","Parc à conteneurs Musson"
"2.183.218.392","1","003","Parc à conteneurs Rouvroy"
"2.183.218.590","1","003","Parc à conteneurs Saint-Léger"
"2.183.218.788","1","003","Parc à conteneurs Tintigny"
"2.183.219.085","1","003","Parc à conteneurs Bertrix"
"2.183.219.481","1","003","Parc à conteneurs Bouillon"
"2.183.219.976","1","003","Parc à conteneurs Daverdisse"
"2.183.220.372","1","003","Parc à conteneurs Herbeumont"
"2.183.220.570","1","003","Parc à Conteneurs Neufchateau"
"2.183.220.867","1","003","Parc à conteneurs Paliseul"
"2.183.221.164","1","003","Parc à conteneurs Wellin"
"2.183.221.461","1","003","Usine Tenneville"
"2.183.222.451","1","003","Station de transfert de Manhay"
"2.183.265.706","1","003","Parc à conteneurs Florenville"
"2.183.265.805","1","003","Parc à conteneurs Rendeux"
"2.183.266.102","1","003","Parc à conteneurs Attert"
"2.183.295.103","1","003","Station Epuration Virton"
"2.183.435.059","1","003","Administration Habay"
"2.183.435.257","1","003","Hall des tris Habay"
"2.183.435.554","1","003","Administration Tenneville"
"2.183.435.950","1","003","CET Classe III Bertrix"
"2.185.704.463","1","003","Station Epuration Athus"
"2.185.704.760","1","003","Administration Bertrix"
"2.185.725.546","1","003","Station Epuration Houffalize"
"2.185.726.338","1","003","Station Epuration Bouillon"
"2.200.119.356","1","003","Parc à Conteneurs"
"2.222.740.449","1","003","Parc à conteneurs Corbion"
